"1","1","google.com"
"2","2","youtube.com"
"3","3","facebook.com"
"4","4","baidu.com"
"5","5","wikipedia.org"
"6","6","reddit.com"
"7","7","yahoo.com"
"8","8","google.co.in"
"9","9","qq.com"
"10","10","amazon.com"
"11","11","taobao.com"
"12","12","twitter.com"
"13","13","tmall.com"
"14","14","google.co.jp"
"15","15","vk.com"
"16","16","live.com"
"17","17","instagram.com"
"18","18","sohu.com"
"19","19","sina.com.cn"
"20","20","jd.com"
"21","21","weibo.com"
"22","22","360.cn"
"23","23","google.de"
"24","24","google.co.uk"
"25","25","google.com.br"
"26","26","google.fr"
"27","27","google.ru"
"28","28","netflix.com"
"29","29","yandex.ru"
"30","30","list.tmall.com"
"31","31","linkedin.com"
"32","32","twitch.tv"
"33","33","google.it"
"34","34","t.co"
"35","35","google.com.hk"
"36","36","pornhub.com"
"37","37","google.es"
"38","38","alipay.com"
"39","39","xvideos.com"
"40","40","yahoo.co.jp"
"41","41","google.ca"
"42","42","ebay.com"
"43","43","google.com.mx"
"44","44","microsoft.com"
"45","45","bing.com"
"46","46","imgur.com"
"47","47","ok.ru"
"48","48","bongacams.com"
"49","49","imdb.com"
"50","50","aliexpress.com"
"51","51","wikia.com"
"52","52","hao123.com"
"53","53","mail.ru"
"54","54","office.com"
"55","55","csdn.net"
"56","56","tumblr.com"
"57","57","msn.com"
"58","58","wordpress.com"
"59","59","google.com.au"
"60","60","google.com.tr"
"61","61","microsoftonline.com"
"62","62","whatsapp.com"
"63","63","github.com"
"64","64","google.com.tw"
"65","65","apple.com"
"66","66","livejasmin.com"
"67","67","amazon.co.jp"
"68","68","blogspot.com"
"69","69","google.pl"
"70","70","deloton.com"
"71","71","popads.net"
"72","72","paypal.com"
"73","73","xhamster.com"
"74","74","stackoverflow.com"
"75","75","google.co.id"
"76","76","detail.tmall.com"
"77","77","pinterest.com"
"78","78","diply.com"
"79","79","coinmarketcap.com"
"80","80","gmw.cn"
"81","81","amazon.de"
"82","82","soso.com"
"83","83","google.com.ar"
"84","84","so.com"
"85","85","coccoc.com"
"86","86","adobe.com"
"87","87","amazon.in"
"88","88","amazon.co.uk"
"89","89","savefrom.net"
"90","90","xnxx.com"
"91","91","dropbox.com"
"92","92","googleusercontent.com"
"93","93","google.com.ua"
"94","94","nicovideo.jp"
"95","95","tianya.cn"
"96","96","google.nl"
"97","97","pixnet.net"
"98","98","google.co.th"
"99","99","google.com.pk"
"100","100","tribunnews.com"
"101","101","google.com.sa"
"102","102","thepiratebay.org"
"103","103","espn.com"
"104","104","bbc.co.uk"
"105","105","craigslist.org"
"106","106","bbc.com"
"107","107","google.com.eg"
"108","108","booking.com"
"109","109","soundcloud.com"
"110","110","cnn.com"
"111","111","nytimes.com"
"112","112","chaturbate.com"
"113","113","detik.com"
"114","114","thestartmagazine.com"
"115","115","txxx.com"
"116","116","google.co.za"
"117","117","google.co.ve"
"118","118","naver.com"
"119","119","hitcpm.com"
"120","120","amazonaws.com"
"121","121","onlinesbi.com"
"122","122","exdynsrv.com"
"123","123","ebay.de"
"124","124","rakuten.co.jp"
"125","125","binance.com"
"126","126","roblox.com"
"127","127","ask.com"
"128","128","xinhuanet.com"
"129","129","aparat.com"
"130","130","openload.co"
"131","131","iwanttodeliver.com"
"132","132","spotify.com"
"133","133","vimeo.com"
"134","134","quora.com"
"135","135","steamcommunity.com"
"136","136","chase.com"
"137","137","zhihu.com"
"138","138","stackexchange.com"
"139","139","discordapp.com"
"140","140","softonic.com"
"141","141","google.gr"
"142","142","fbcdn.net"
"143","143","google.com.ph"
"144","144","mediafire.com"
"145","145","dailymotion.com"
"146","146","mozilla.org"
"147","147","youth.cn"
"148","148","theguardian.com"
"149","149","google.se"
"150","150","google.be"
"151","151","ettoday.net"
"152","152","google.co.ao"
"153","153","salesforce.com"
"154","154","google.com.sg"
"155","155","flipkart.com"
"156","156","ebay.co.uk"
"157","157","vice.com"
"158","158","nih.gov"
"159","159","fc2.com"
"160","160","queuecosm.bid"
"161","161","google.az"
"162","162","avito.ru"
"163","163","douyu.com"
"164","164","cnet.com"
"165","165","blogger.com"
"166","166","google.co.kr"
"167","167","exosrv.com"
"168","168","deviantart.com"
"169","169","dailymail.co.uk"
"170","170","4chan.org"
"171","171","doubleclick.net"
"172","172","alibaba.com"
"173","173","providr.com"
"174","174","globo.com"
"175","175","steampowered.com"
"176","176","mercadolivre.com.br"
"177","177","indeed.com"
"178","178","google.at"
"179","179","twimg.com"
"180","180","redd.it"
"181","181","1688.com"
"182","182","google.com.ng"
"183","183","buzzfeed.com"
"184","184","google.com.vn"
"185","185","google.cn"
"186","186","google.com.co"
"187","187","etsy.com"
"188","188","cloudfront.net"
"189","189","blastingnews.com"
"190","190","login.tmall.com"
"191","191","force.com"
"192","192","onlinevideoconverter.com"
"193","193","amazon.fr"
"194","194","washingtonpost.com"
"195","195","pinimg.com"
"196","196","china.com.cn"
"197","197","messenger.com"
"198","198","tokopedia.com"
"199","199","mama.cn"
"200","200","google.cz"
"201","201","coinbase.com"
"202","202","china.com"
"203","203","sogou.com"
"204","204","google.ro"
"205","205","exoclick.com"
"206","206","walmart.com"
"207","207","yelp.com"
"208","208","babytree.com"
"209","209","amazon.it"
"210","210","google.ch"
"211","211","wikihow.com"
"212","212","google.no"
"213","213","w3schools.com"
"214","214","uol.com.br"
"215","215","spankbang.com"
"216","216","google.pt"
"217","217","pages.tmall.com"
"218","218","godaddy.com"
"219","219","slideshare.net"
"220","220","redtube.com"
"221","221","metropcs.mobi"
"222","222","speakol.com"
"223","223","kompas.com"
"224","224","google.ae"
"225","225","gearbest.com"
"226","226","google.com.pe"
"227","227","google.cl"
"228","228","mega.nz"
"229","229","bankofamerica.com"
"230","230","ladbible.com"
"231","231","bet9ja.com"
"232","232","wellsfargo.com"
"233","233","spotscenered.info"
"234","234","eastday.com"
"235","235","nextoptim.com"
"236","236","youporn.com"
"237","237","gfycat.com"
"238","238","weather.com"
"239","239","hulu.com"
"240","240","onoticioso.com"
"241","241","bilibili.com"
"242","242","speedtest.net"
"243","243","ikea.com"
"244","244","bp.blogspot.com"
"245","245","slack.com"
"246","246","bukalapak.com"
"247","247","caijing.com.cn"
"248","248","yts.am"
"249","249","google.ie"
"250","250","newstrend.news"
"251","251","abs-cbn.com"
"252","252","forbes.com"
"253","253","people.com.cn"
"254","254","indiatimes.com"
"255","255","amazon.es"
"256","256","9gag.com"
"257","257","google.dk"
"258","258","upornia.com"
"259","259","kinopoisk.ru"
"260","260","huanqiu.com"
"261","261","youm7.com"
"262","262","medium.com"
"263","263","zillow.com"
"264","264","tripadvisor.com"
"265","265","gamepedia.com"
"266","266","scribd.com"
"267","267","breitbart.com"
"268","268","wikimedia.org"
"269","269","dkn.tv"
"270","270","kakaku.com"
"271","271","rambler.ru"
"272","272","bittrex.com"
"273","273","sabah.com.tr"
"274","274","ebay-kleinanzeigen.de"
"275","275","foxnews.com"
"276","276","codeonclick.com"
"277","277","trello.com"
"278","278","hclips.com"
"279","279","wetransfer.com"
"280","280","intuit.com"
"281","281","google.dz"
"282","282","livejournal.com"
"283","283","liputan6.com"
"284","284","google.fi"
"285","285","google.hu"
"286","286","leboncoin.fr"
"287","287","genius.com"
"288","288","bestbuy.com"
"289","289","telegram.org"
"290","290","files.wordpress.com"
"291","291","archive.org"
"292","292","aliyun.com"
"293","293","mmoframes.com"
"294","294","amazon.cn"
"295","295","amazon.ca"
"296","296","huffingtonpost.com"
"297","297","google.co.il"
"298","298","researchgate.net"
"299","299","gmx.net"
"300","300","ltn.com.tw"
"301","301","popcash.net"
"302","302","aol.com"
"303","303","irctc.co.in"
"304","304","allegro.pl"
"305","305","h8vzwpv.com"
"306","306","goodreads.com"
"307","307","shutterstock.com"
"308","308","thesaurus.com"
"309","309","zippyshare.com"
"310","310","nownews.com"
"311","311","ameblo.jp"
"312","312","web.de"
"313","313","udemy.com"
"314","314","cnblogs.com"
"315","315","google.sk"
"316","316","bitauto.com"
"317","317","sberbank.ru"
"318","318","digikala.com"
"319","319","battle.net"
"320","320","duckduckgo.com"
"321","321","rutracker.org"
"322","322","rumble.com"
"323","323","airbnb.com"
"324","324","gamefaqs.com"
"325","325","businessinsider.com"
"326","326","ign.com"
"327","327","xfinity.com"
"328","328","daum.net"
"329","329","velocecdn.com"
"330","330","freepik.com"
"331","331","higheurest.com"
"332","332","outbrain.com"
"333","333","rednet.cn"
"334","334","setn.com"
"335","335","cricbuzz.com"
"336","336","livedoor.jp"
"337","337","myway.com"
"338","338","ci123.com"
"339","339","hola.com"
"340","340","ouo.io"
"341","341","google.kz"
"342","342","sourceforge.net"
"343","343","canva.com"
"344","344","1337x.to"
"345","345","youdao.com"
"346","346","reverso.net"
"347","347","hp.com"
"348","348","accuweather.com"
"349","349","wordreference.com"
"350","350","usps.com"
"351","351","varzesh3.com"
"352","352","orange.fr"
"353","353","haber7.com"
"354","354","sciencedirect.com"
"355","355","subject.tmall.com"
"356","356","bestadbid.com"
"357","357","flickr.com"
"358","358","skype.com"
"359","359","zendesk.com"
"360","360","iqiyi.com"
"361","361","livedoor.com"
"362","362","userapi.com"
"363","363","weebly.com"
"364","364","icloud.com"
"365","365","target.com"
"366","366","ntd.tv"
"367","367","ndtv.com"
"368","368","momoshop.com.tw"
"369","369","feedly.com"
"370","370","asos.com"
"371","371","123movieshub.to"
"372","372","instructure.com"
"373","373","doublepimp.com"
"374","374","siteadvisor.com"
"375","375","rt.com"
"376","376","adf.ly"
"377","377","rarbg.to"
"378","378","olx.ua"
"379","379","ouedkniss.com"
"380","380","espncricinfo.com"
"381","381","banvenez.com"
"382","382","mailchimp.com"
"383","383","rottentomatoes.com"
"384","384","utorrent.com"
"385","385","uptodown.com"
"386","386","kaskus.co.id"
"387","387","office365.com"
"388","388","ups.com"
"389","389","line.me"
"390","390","americanexpress.com"
"391","391","kissanime.ru"
"392","392","capitalone.com"
"393","393","mercadolibre.com.ar"
"394","394","iqoption.com"
"395","395","blogspot.com.br"
"396","396","subscene.com"
"397","397","onet.pl"
"398","398","163.com"
"399","399","banggood.com"
"400","400","uzone.id"
"401","401","samsung.com"
"402","402","ensonhaber.com"
"403","403","go.com"
"404","404","wish.com"
"405","405","google.com.kw"
"406","406","perfecttoolmedia.com"
"407","407","wp.pl"
"408","408","wittyfeed.com"
"409","409","playstation.com"
"410","410","hdfcbank.com"
"411","411","patreon.com"
"412","412","gismeteo.ru"
"413","413","eskimi.com"
"414","414","oracle.com"
"415","415","dell.com"
"416","416","glassdoor.com"
"417","417","t-online.de"
"418","418","theverge.com"
"419","419","giphy.com"
"420","420","slickdeals.net"
"421","421","friv.com"
"422","422","sabq.org"
"423","423","myanimelist.net"
"424","424","m73lae5cpmgrv38.com"
"425","425","buzzadnetwork.com"
"426","426","seasonvar.ru"
"427","427","vtv.vn"
"428","428","doublepimpssl.com"
"429","429","tradingview.com"
"430","430","blpmovies.com"
"431","431","ultimate-guitar.com"
"432","432","beeg.com"
"433","433","pipeschannels.com"
"434","434","taleo.net"
"435","435","homedepot.com"
"436","436","mercadolibre.com.mx"
"437","437","free.fr"
"438","438","telegraph.co.uk"
"439","439","elpais.com"
"440","440","google.co.nz"
"441","441","behance.net"
"442","442","wix.com"
"443","443","blackboard.com"
"444","444","fedex.com"
"445","445","okdiario.com"
"446","446","pixabay.com"
"447","447","dmm.co.jp"
"448","448","yadi.sk"
"449","449","usatoday.com"
"450","450","ebay.com.au"
"451","451","bloomberg.com"
"452","452","uidai.gov.in"
"453","453","google.lk"
"454","454","taboola.com"
"455","455","seznam.cz"
"456","456","marca.com"
"457","457","taringa.net"
"458","458","informationvine.com"
"459","459","crunchyroll.com"
"460","460","kapanlagi.com"
"461","461","wordpress.org"
"462","462","mi.com"
"463","463","media.tumblr.com"
"464","464","google.bg"
"465","465","merdeka.com"
"466","466","independent.co.uk"
"467","467","flvto.biz"
"468","468","fiverr.com"
"469","469","rediff.com"
"470","470","v3rjvtt.com"
"471","471","alicdn.com"
"472","472","patch.com"
"473","473","repubblica.it"
"474","474","17ok.com"
"475","475","ajkzd9h.com"
"476","476","bldaily.com"
"477","477","atlassian.net"
"478","478","lie2anyone.com"
"479","479","ebay.it"
"480","480","onedio.com"
"481","481","kooora.com"
"482","482","evernote.com"
"483","483","gizmodo.com"
"484","484","billdesk.com"
"485","485","spiegel.de"
"486","486","hotstar.com"
"487","487","asus.com"
"488","488","digitaldsp.com"
"489","489","dictionary.com"
"490","490","pikabu.ru"
"491","491","k618.cn"
"492","492","jrj.com.cn"
"493","493","discogs.com"
"494","494","citi.com"
"495","495","adp.com"
"496","496","thepennyhoarder.com"
"497","497","nextlnk1.com"
"498","498","wowhead.com"
"499","499","wiktionary.org"
"500","500","ytimg.com"
"501","501","thebalance.com"
"502","502","box.com"
"503","503","primevideo.com"
"504","504","oload.stream"
"505","505","nike.com"
"506","506","newegg.com"
"507","507","naver.jp"
"508","508","albawabhnews.com"
"509","509","webmd.com"
"510","510","appledaily.com"
"511","511","google.by"
"512","512","olx.pl"
"513","513","convert2mp3.net"
"514","514","goo.ne.jp"
"515","515","cambridge.org"
"516","516","manoramaonline.com"
"517","517","zoho.com"
"518","518","biobiochile.cl"
"519","519","ptt.cc"
"520","520","xda-developers.com"
"521","521","lifedaily.com"
"522","522","leagueoflegends.com"
"523","523","bles.com"
"524","524","chip.de"
"525","525","libero.it"
"526","526","ibm.com"
"527","527","brilio.net"
"528","528","fidelity.com"
"529","529","51sole.com"
"530","530","suning.com"
"531","531","okta.com"
"532","532","nfl.com"
"533","533","t.me"
"534","534","pandora.com"
"535","535","cnbc.com"
"536","536","hdzog.com"
"537","537","mit.edu"
"538","538","icicibank.com"
"539","539","list-manage.com"
"540","540","jawabkom.com"
"541","541","nba.com"
"542","542","patria.org.ve"
"543","543","rolloid.net"
"544","544","ria.ru"
"545","545","urbandictionary.com"
"546","546","wsj.com"
"547","547","sex.com"
"548","548","sahibinden.com"
"549","549","wixsite.com"
"550","550","lazada.co.id"
"551","551","themeforest.net"
"552","552","blog.jp"
"553","553","springer.com"
"554","554","vporn.com"
"555","555","cryptopia.co.nz"
"556","556","shaparak.ir"
"557","557","thewhizmarketing.com"
"558","558","bandcamp.com"
"559","559","upwork.com"
"560","560","kinogo.cc"
"561","561","google.com.do"
"562","562","sindonews.com"
"563","563","naukri.com"
"564","564","poloniex.com"
"565","565","jianshu.com"
"566","566","namnak.com"
"567","567","gdax.com"
"568","568","google.com.ly"
"569","569","shopify.com"
"570","570","addthis.com"
"571","571","idntimes.com"
"572","572","primosearch.com"
"573","573","shiltirs.com"
"574","574","drom.ru"
"575","575","wattpad.com"
"576","576","linkshrink.net"
"577","577","filehippo.com"
"578","578","tube8.com"
"579","579","google.com.mm"
"580","580","theepochtimes.com"
"581","581","wiley.com"
"582","582","ck101.com"
"583","583","hubspot.com"
"584","584","hm.com"
"585","585","reundcwkqvctq.com"
"586","586","investing.com"
"587","587","lifehacker.com"
"588","588","weblio.jp"
"589","589","yourporn.sexy"
"590","590","piet2eix3l.com"
"591","591","investopedia.com"
"592","592","bild.de"
"593","593","humblebundle.com"
"594","594","lapatilla.com"
"595","595","hurriyet.com.tr"
"596","596","baike.com"
"597","597","elfagr.com"
"598","598","ieee.org"
"599","599","engadget.com"
"600","600","souq.com"
"601","601","fromdoctopdf.com"
"602","602","umblr.com"
"603","603","gyazo.com"
"604","604","livescore.com"
"605","605","bet365.com"
"606","606","emol.com"
"607","607","wunderground.com"
"608","608","pantip.com"
"609","609","xe.com"
"610","610","4shared.com"
"611","611","goal.com"
"612","612","google.rs"
"613","613","vidio.com"
"614","614","moneycontrol.com"
"615","615","inquirer.net"
"616","616","addroplet.com"
"617","617","paytm.com"
"618","618","groupon.com"
"619","619","stockstar.com"
"620","620","google.hr"
"621","621","express.co.uk"
"622","622","fwbntw.com"
"623","623","rarbg.is"
"624","624","telewebion.com"
"625","625","java.com"
"626","626","grid.id"
"627","627","debate.com.mx"
"628","628","wp.com"
"629","629","animeflv.net"
"630","630","att.com"
"631","631","torrentz2.eu"
"632","632","nmisr.com"
"633","633","cnzz.com"
"634","634","olx.com.br"
"635","635","newtabtv.com"
"636","636","reuters.com"
"637","637","voc.com.cn"
"638","638","adhoc2.net"
"639","639","kumparan.com"
"640","640","squarespace.com"
"641","641","blogspot.com.es"
"642","642","xx1.me"
"643","643","chinadaily.com.cn"
"644","644","coursera.org"
"645","645","nur.kz"
"646","646","reallifecam.com"
"647","647","nocookie.net"
"648","648","drive2.ru"
"649","649","as.com"
"650","650","sarkariresult.com"
"651","651","dmm.com"
"652","652","cdiscount.com"
"653","653","zoom.us"
"654","654","nextlnk2.com"
"655","655","epochtimes.com"
"656","656","caliente.mx"
"657","657","readms.net"
"658","658","comcast.net"
"659","659","hatena.ne.jp"
"660","660","rutube.ru"
"661","661","bleacherreport.com"
"662","662","digitalprivacyalert.org"
"663","663","tutorialspoint.com"
"664","664","ebc.net.tw"
"665","665","uploaded.net"
"666","666","elmundo.es"
"667","667","getpocket.com"
"668","668","kissasian.ch"
"669","669","npr.org"
"670","670","intel.com"
"671","671","japanpost.jp"
"672","672","expedia.com"
"673","673","gsmarena.com"
"674","674","givemesport.com"
"675","675","jsmentry.com"
"676","676","gogoanime.io"
"677","677","gamer.com.tw"
"678","678","epicgames.com"
"679","679","zhanqi.tv"
"680","680","y8.com"
"681","681","mercadolibre.com.ve"
"682","682","intactoffers.club"
"683","683","bitmedianetwork.com"
"684","684","beytoote.com"
"685","685","lifewire.com"
"686","686","thefreedictionary.com"
"687","687","hotels.com"
"688","688","discover.com"
"689","689","quizlet.com"
"690","690","thehill.com"
"691","691","op.gg"
"692","692","uptobox.com"
"693","693","asana.com"
"694","694","macys.com"
"695","695","lenta.ru"
"696","696","kizlarsoruyor.com"
"697","697","kinokrad.co"
"698","698","mysearch.com"
"699","699","videodownloadconverter.com"
"700","700","yandex.ua"
"701","701","academia.edu"
"702","702","hashflare.io"
"703","703","kickstarter.com"
"704","704","knowyourmeme.com"
"705","705","surveymonkey.com"
"706","706","nordstrom.com"
"707","707","qingdaonews.com"
"708","708","prothomalo.com"
"709","709","zone-telechargement1.com"
"710","710","blogspot.mx"
"711","711","thesun.co.uk"
"712","712","eyny.com"
"713","713","gmarket.co.kr"
"714","714","ivi.ru"
"715","715","gamespot.com"
"716","716","southwest.com"
"717","717","eanswers.com"
"718","718","torrent9.bz"
"719","719","etherscan.io"
"720","720","verizonwireless.com"
"721","721","lenovo.com"
"722","722","khanacademy.org"
"723","723","rapidgator.net"
"724","724","bancodevenezuela.com"
"725","725","mellowads.com"
"726","726","doorblog.jp"
"727","727","ca.gov"
"728","728","timeanddate.com"
"729","729","www.gov.uk"
"730","730","zapmeta.ws"
"731","731","tistory.com"
"732","732","interia.pl"
"733","733","google.com.ec"
"734","734","nypost.com"
"735","735","drudgereport.com"
"736","736","myfreecams.com"
"737","737","pchome.com.tw"
"738","738","infusionsoft.com"
"739","739","hespress.com"
"740","740","bitcointalk.org"
"741","741","disqus.com"
"742","742","corriere.it"
"743","743","conservativetribune.com"
"744","744","offergold.online"
"745","745","el-nacional.com"
"746","746","kijiji.ca"
"747","747","cqnews.net"
"748","748","premierleague.com"
"749","749","popmyads.com"
"750","750","kucoin.com"
"751","751","yenisafak.com"
"752","752","jw.org"
"753","753","norton.com"
"754","754","blueseek.com"
"755","755","adexchangecloud.com"
"756","756","easypdfcombine.com"
"757","757","google.tn"
"758","758","0123movies.com"
"759","759","techcrunch.com"
"760","760","lemonde.fr"
"761","761","divar.ir"
"762","762","dailycaller.com"
"763","763","artstation.com"
"764","764","autodesk.com"
"765","765","fbsbx.com"
"766","766","104.com.tw"
"767","767","mobafire.com"
"768","768","cdstm.cn"
"769","769","hatenablog.com"
"770","770","zara.com"
"771","771","vnexpress.net"
"772","772","coingecko.com"
"773","773","milliyet.com.tr"
"774","774","39.net"
"775","775","yaplakal.com"
"776","776","eventbrite.com"
"777","777","rbc.ru"
"778","778","elmogaz.com"
"779","779","flirt4free.com"
"780","780","1and1.com"
"781","781","ecosia.org"
"782","782","google.com.my"
"783","783","eksisozluk.com"
"784","784","tomshardware.com"
"785","785","sportbible.com"
"786","786","techradar.com"
"787","787","cinecalidad.to"
"788","788","stanford.edu"
"789","789","ccm.net"
"790","790","allrecipes.com"
"791","791","wtoip.com"
"792","792","google.lt"
"793","793","douban.com"
"794","794","namasha.com"
"795","795","time.com"
"796","796","ebay.fr"
"797","797","deviantart.net"
"798","798","duolingo.com"
"799","799","motherless.com"
"800","800","chinaz.com"
"801","801","subito.it"
"802","802","python.org"
"803","803","google.tm"
"804","804","lolsided.com"
"805","805","mirror.co.uk"
"806","806","tomsguide.com"
"807","807","okcupid.com"
"808","808","webex.com"
"809","809","lefigaro.fr"
"810","810","merriam-webster.com"
"811","811","ask.fm"
"812","812","ssl-images-amazon.com"
"813","813","steemit.com"
"814","814","youjizz.com"
"815","815","grammarly.com"
"816","816","mobile01.com"
"817","817","badoo.com"
"818","818","goo.gl"
"819","819","realtor.com"
"820","820","nhk.or.jp"
"821","821","videoyoum7.com"
"822","822","cryptocompare.com"
"823","823","tvbs.com.tw"
"824","824","ruten.com.tw"
"825","825","google.com.gt"
"826","826","4pda.ru"
"827","827","bhphotovideo.com"
"828","828","58.com"
"829","829","jeuxvideo.com"
"830","830","okezone.com"
"831","831","allocine.fr"
"832","832","putlockers.fm"
"833","833","kayak.com"
"834","834","usnews.com"
"835","835","sonyliv.com"
"836","836","banesconline.com"
"837","837","cam4.com"
"838","838","elbalad.news"
"839","839","urdupoint.com"
"840","840","pinterest.co.uk"
"841","841","metropoles.com"
"842","842","healthline.com"
"843","843","fanfiction.net"
"844","844","prpops.com"
"845","845","smallpdf.com"
"846","846","udn.com"
"847","847","prezi.com"
"848","848","weatherblink.com"
"849","849","zaful.com"
"850","850","gstatic.com"
"851","851","mobile.de"
"852","852","theatlantic.com"
"853","853","irs.gov"
"854","854","tabelog.com"
"855","855","caixa.gov.br"
"856","856","mathrubhumi.com"
"857","857","cbssports.com"
"858","858","yy08037.com"
"859","859","costco.com"
"860","860","discuss.com.hk"
"861","861","gotporn.com"
"862","862","thewhizproducts.com"
"863","863","chron.com"
"864","864","lazada.com.my"
"865","865","europa.eu"
"866","866","5ch.net"
"867","867","calcch.com"
"868","868","blogfa.com"
"869","869","socialblade.com"
"870","870","gazetaexpress.com"
"871","871","segmentfault.com"
"872","872","cbsnews.com"
"873","873","cisco.com"
"874","874","xtube.com"
"875","875","myanmarload.com"
"876","876","namu.wiki"
"877","877","kotaku.com"
"878","878","nametests.com"
"879","879","bodybuilding.com"
"880","880","myfitnesspal.com"
"881","881","ea.com"
"882","882","google.si"
"883","883","alodokter.com"
"884","884","zing.vn"
"885","885","freejobalert.com"
"886","886","worldoftanks.ru"
"887","887","skysports.com"
"888","888","boredpanda.com"
"889","889","latimes.com"
"890","890","liveinternet.ru"
"891","891","labanquepostale.fr"
"892","892","gosuslugi.ru"
"893","893","yandex.kz"
"894","894","google.iq"
"895","895","chess.com"
"896","896","jiameng.com"
"897","897","hawaaworld.com"
"898","898","meetup.com"
"899","899","protect-your-privacy.net"
"900","900","americanas.com.br"
"901","901","instructables.com"
"902","902","xbox.com"
"903","903","jimdo.com"
"904","904","commentcamarche.net"
"905","905","dream.co.id"
"906","906","yy08047.com"
"907","907","azlyrics.com"
"908","908","google.com.af"
"909","909","superuser.com"
"910","910","harvard.edu"
"911","911","agoda.com"
"912","912","chatwork.com"
"913","913","epwk.com"
"914","914","trustpilot.com"
"915","915","17track.net"
"916","916","coindesk.com"
"917","917","ninisite.com"
"918","918","news.com.au"
"919","919","waudeesestew.com"
"920","920","delta.com"
"921","921","lazada.co.th"
"922","922","nature.com"
"923","923","td.com"
"924","924","dwatchseries.to"
"925","925","chaoshi.tmall.com"
"926","926","selectedvideos.club"
"927","927","cimaclub.com"
"928","928","indiamart.com"
"929","929","kraken.com"
"930","930","blibli.com"
"931","931","lowes.com"
"932","932","secureserver.net"
"933","933","ticketmaster.com"
"934","934","hicpm5.com"
"935","935","avast.com"
"936","936","voot.com"
"937","937","android.com"
"938","938","mileroticos.com"
"939","939","nbcnews.com"
"940","940","sputniknews.com"
"941","941","myntra.com"
"942","942","lazada.com.ph"
"943","943","reimageplus.com"
"944","944","buyma.com"
"945","945","worldstarhiphop.com"
"946","946","avg.com"
"947","947","issuu.com"
"948","948","sinoptik.ua"
"949","949","voirfilms.ws"
"950","950","donga.com"
"951","951","bookmyshow.com"
"952","952","turbobit.net"
"953","953","mercari.com"
"954","954","impress.co.jp"
"955","955","blockchain.info"
"956","956","mp3teca.com"
"957","957","dianping.com"
"958","958","egy.best"
"959","959","hitbtc.com"
"960","960","usaa.com"
"961","961","vseigru.net"
"962","962","elsevier.com"
"963","963","kakao.com"
"964","964","wayfair.com"
"965","965","imagetwist.com"
"966","966","familydoctor.com.cn"
"967","967","westernjournal.com"
"968","968","dafont.com"
"969","969","meb.gov.tr"
"970","970","livestrong.com"
"971","971","bitconnect.co"
"972","972","tempo.co"
"973","973","bitly.com"
"974","974","sapo.pt"
"975","975","nikkei.com"
"976","976","cbc.ca"
"977","977","searchtuner.com"
"978","978","pcgamer.com"
"979","979","howtogeek.com"
"980","980","prnt.sc"
"981","981","food.tmall.com"
"982","982","shink.me"
"983","983","polygon.com"
"984","984","mathworks.com"
"985","985","pornpics.com"
"986","986","psu.edu"
"987","987","hamariweb.com"
"988","988","ebay.in"
"989","989","streamable.com"
"990","990","plex.tv"
"991","991","1tv.ru"
"992","992","bitbucket.org"
"993","993","internetdownloadmanager.com"
"994","994","idnes.cz"
"995","995","freebitco.in"
"996","996","vidzi.tv"
"997","997","focus.de"
"998","998","makemytrip.com"
"999","999","arxiv.org"
"1000","1000","v2ex.com"
"1001","1001","politico.com"
"1002","1002","pastebin.com"
"1003","1003","yespornplease.com"
"1004","1004","olx.in"
"1005","1005","liveleak.com"
"1006","1006","g2a.com"
"1007","1007","cdninstagram.com"
"1008","1008","biblegateway.com"
"1009","1009","3sk.tv"
"1010","1010","ancestry.com"
"1011","1011","custhelp.com"
"1012","1012","zougla.gr"
"1013","1013","solarmoviez.ru"
"1014","1014","11st.co.kr"
"1015","1015","mawdoo3.com"
"1016","1016","visualstudio.com"
"1017","1017","hitomi.la"
"1018","1018","2ch.net"
"1019","1019","weather.gov"
"1020","1020","viralcpm.com"
"1021","1021","clipconverter.cc"
"1022","1022","fb.ru"
"1023","1023","imagefap.com"
"1024","1024","eztv.ag"
"1025","1025","putlockers.movie"
"1026","1026","intoday.in"
"1027","1027","cnnindonesia.com"
"1028","1028","bolasport.com"
"1029","1029","auction.co.kr"
"1030","1030","bitfinex.com"
"1031","1031","viva.co.id"
"1032","1032","unity3d.com"
"1033","1033","dawn.com"
"1034","1034","yesky.com"
"1035","1035","perfectgirls.net"
"1036","1036","pexels.com"
"1037","1037","hdrezka.ag"
"1038","1038","chouftv.ma"
"1039","1039","sakura.ne.jp"
"1040","1040","ukr.net"
"1041","1041","toutiao.com"
"1042","1042","sfr.fr"
"1043","1043","nhl.com"
"1044","1044","suara.com"
"1045","1045","drtuber.com"
"1046","1046","nvidia.com"
"1047","1047","anybunny.mobi"
"1048","1048","besoccer.com"
"1049","1049","huawei.com"
"1050","1050","argaam.com"
"1051","1051","livedoor.biz"
"1052","1052","bankmellat.ir"
"1053","1053","explicandoo.com"
"1054","1054","miui.com"
"1055","1055","zhaopin.com"
"1056","1056","wykop.pl"
"1057","1057","dmv.org"
"1058","1058","baskino.co"
"1059","1059","edx.org"
"1060","1060","royalbank.com"
"1061","1061","istockphoto.com"
"1062","1062","rvcj.com"
"1063","1063","fatosdesconhecidos.com.br"
"1064","1064","codepen.io"
"1065","1065","justdial.com"
"1066","1066","reclameaqui.com.br"
"1067","1067","abc.net.au"
"1068","1068","ed.gov"
"1069","1069","aa.com"
"1070","1070","speed-open2.com"
"1071","1071","trackingclick.net"
"1072","1072","mymovies.it"
"1073","1073","tebyan.net"
"1074","1074","usbank.com"
"1075","1075","creditkarma.com"
"1076","1076","icy-veins.com"
"1077","1077","tandfonline.com"
"1078","1078","life.tw"
"1079","1079","plarium.com"
"1080","1080","libgen.io"
"1081","1081","rozetka.com.ua"
"1082","1082","kp.ru"
"1083","1083","rutor.info"
"1084","1084","state.gov"
"1085","1085","nyaa.si"
"1086","1086","mashable.com"
"1087","1087","kinozal.tv"
"1088","1088","redfin.com"
"1089","1089","gumtree.com.au"
"1090","1090","up.nic.in"
"1091","1091","lequipe.fr"
"1092","1092","vesti.ru"
"1093","1093","wargaming.net"
"1094","1094","vox.com"
"1095","1095","neobux.com"
"1096","1096","movie2free.com"
"1097","1097","nicehash.com"
"1098","1098","bamilo.com"
"1099","1099","putrr18.com"
"1100","1100","animeyt.tv"
"1101","1101","snapdeal.com"
"1102","1102","uniqlo.com"
"1103","1103","brazzers.com"
"1104","1104","ted.com"
"1105","1105","asahi.com"
"1106","1106","n11.com"
"1107","1107","ifeng.com"
"1108","1108","infobae.com"
"1109","1109","united.com"
"1110","1110","rus.ec"
"1111","1111","hootsuite.com"
"1112","1112","starzplay.com"
"1113","1113","mejortorrent.com"
"1114","1114","welt.de"
"1115","1115","trulia.com"
"1116","1116","filmweb.pl"
"1117","1117","axisbank.co.in"
"1118","1118","1fichier.com"
"1119","1119","kohls.com"
"1120","1120","vg.no"
"1121","1121","ppomppu.co.kr"
"1122","1122","forgeofempires.com"
"1123","1123","hepsiburada.com"
"1124","1124","rightmove.co.uk"
"1125","1125","fishki.net"
"1126","1126","dailypakistan.com.pk"
"1127","1127","pole-emploi.fr"
"1128","1128","nasa.gov"
"1129","1129","avito.ma"
"1130","1130","vlive.tv"
"1131","1131","keepvid.com"
"1132","1132","hh.ru"
"1133","1133","nexon.com"
"1134","1134","searchencrypt.com"
"1135","1135","correios.com.br"
"1136","1136","skurki.info"
"1137","1137","avgle.com"
"1138","1138","ashemaletube.com"
"1139","1139","ozon.ru"
"1140","1140","best2017games.com"
"1141","1141","deadspin.com"
"1142","1142","tmz.com"
"1143","1143","mynet.com"
"1144","1144","xunlei.com"
"1145","1145","telllwrite.com"
"1146","1146","abola.pt"
"1147","1147","yandex.com.tr"
"1148","1148","ppy.sh"
"1149","1149","thehindu.com"
"1150","1150","ibtimes.co.uk"
"1151","1151","w3school.com.cn"
"1152","1152","wondershare.com"
"1153","1153","google.lv"
"1154","1154","bitstamp.net"
"1155","1155","fidonav.com"
"1156","1156","poste.it"
"1157","1157","farfetch.com"
"1158","1158","andhrajyothy.com"
"1159","1159","flashscore.com"
"1160","1160","abcnews.go.com"
"1161","1161","ryanair.com"
"1162","1162","geeksforgeeks.org"
"1163","1163","comicbook.com"
"1164","1164","hltv.org"
"1165","1165","newstarads.com"
"1166","1166","gap.com"
"1167","1167","askubuntu.com"
"1168","1168","unblocked.vc"
"1169","1169","ficbook.net"
"1170","1170","gazeta.pl"
"1171","1171","absoluteclickscom.com"
"1172","1172","ebates.com"
"1173","1173","wuxiaworld.com"
"1174","1174","scol.com.cn"
"1175","1175","people.com"
"1176","1176","kompasiana.com"
"1177","1177","eporner.com"
"1178","1178","rapidvideo.com"
"1179","1179","google.com.pr"
"1180","1180","wiocha.pl"
"1181","1181","reverb.com"
"1182","1182","skyscanner.net"
"1183","1183","wired.com"
"1184","1184","pcmag.com"
"1185","1185","shopee.tw"
"1186","1186","voyeurhit.com"
"1187","1187","nintendo.com"
"1188","1188","xiami.com"
"1189","1189","gazzetta.it"
"1190","1190","cookpad.com"
"1191","1191","prom.ua"
"1192","1192","unsplash.com"
"1193","1193","myworkday.com"
"1194","1194","cnbeta.com"
"1195","1195","uber.com"
"1196","1196","bicentenariobu.com"
"1197","1197","dribbble.com"
"1198","1198","jabong.com"
"1199","1199","udacity.com"
"1200","1200","tnaflix.com"
"1201","1201","redirectvoluum.com"
"1202","1202","twoo.com"
"1203","1203","pinterest.es"
"1204","1204","shahid4u.tv"
"1205","1205","arstechnica.com"
"1206","1206","clien.net"
"1207","1207","2youtds.biz"
"1208","1208","berkeley.edu"
"1209","1209","coinexchange.io"
"1210","1210","airtel.in"
"1211","1211","zomato.com"
"1212","1212","freearabsexx.com"
"1213","1213","yobit.net"
"1214","1214","provinet.net"
"1215","1215","bhaskar.com"
"1216","1216","thespruce.com"
"1217","1217","teamviewer.com"
"1218","1218","itmedia.co.jp"
"1219","1219","poe.trade"
"1220","1220","startpage.com"
"1221","1221","4399.com"
"1222","1222","fullhdfilmizlesene.org"
"1223","1223","thingiverse.com"
"1224","1224","pron.tv"
"1225","1225","dcard.tw"
"1226","1226","ixxx.com"
"1227","1227","ebay.es"
"1228","1228","study.com"
"1229","1229","bastillepost.com"
"1230","1230","deezer.com"
"1231","1231","pathofexile.com"
"1232","1232","chegg.com"
"1233","1233","metro.co.uk"
"1234","1234","admaimai.com"
"1235","1235","gazeta.ru"
"1236","1236","jqw.com"
"1237","1237","piriform.com"
"1238","1238","change.org"
"1239","1239","qiita.com"
"1240","1240","ebay.ca"
"1241","1241","fotostrana.ru"
"1242","1242","tim.it"
"1243","1243","nydailynews.com"
"1244","1244","pelisplus.tv"
"1245","1245","audible.com"
"1246","1246","schwab.com"
"1247","1247","51cto.com"
"1248","1248","newsweek.com"
"1249","1249","strava.com"
"1250","1250","businesslnk.com"
"1251","1251","limetorrents.cc"
"1252","1252","nate.com"
"1253","1253","launchpage.org"
"1254","1254","marketwatch.com"
"1255","1255","sankei.com"
"1256","1256","milanuncios.com"
"1257","1257","cda.pl"
"1258","1258","worldofwarcraft.com"
"1259","1259","fmovies.pe"
"1260","1260","php.net"
"1261","1261","vanguard.com"
"1262","1262","telekom.com"
"1263","1263","sh.st"
"1264","1264","marriott.com"
"1265","1265","tnt-online.ru"
"1266","1266","qualtrics.com"
"1267","1267","thoughtco.com"
"1268","1268","sephora.com"
"1269","1269","digitaltrends.com"
"1270","1270","youku.com"
"1271","1271","tilestwra.com"
"1272","1272","postbank.de"
"1273","1273","gnula.nu"
"1274","1274","koorabia.com"
"1275","1275","nextdoor.com"
"1276","1276","uniqlo.tmall.com"
"1277","1277","pof.com"
"1278","1278","ouo.press"
"1279","1279","readthedocs.io"
"1280","1280","crhoy.com"
"1281","1281","ranker.com"
"1282","1282","retailmenot.com"
"1283","1283","wildberries.ru"
"1284","1284","yallakora.com"
"1285","1285","wenxuecity.com"
"1286","1286","jobrapido.com"
"1287","1287","mediaset.it"
"1288","1288","canada.ca"
"1289","1289","slate.com"
"1290","1290","elwatannews.com"
"1291","1291","telegraf.com.ua"
"1292","1292","primewire.ag"
"1293","1293","thumbzilla.com"
"1294","1294","otto.de"
"1295","1295","infourok.ru"
"1296","1296","mangafox.la"
"1297","1297","daraz.pk"
"1298","1298","aastocks.com"
"1299","1299","moradu.com"
"1300","1300","att.net"
"1301","1301","pornmd.com"
"1302","1302","sonyentertainmentnetwork.com"
"1303","1303","pinterest.de"
"1304","1304","etorrent.co.kr"
"1305","1305","iherb.com"
"1306","1306","wikiwand.com"
"1307","1307","camster.com"
"1308","1308","indianexpress.com"
"1309","1309","porn.com"
"1310","1310","bithumb.com"
"1311","1311","service-now.com"
"1312","1312","echo.msk.ru"
"1313","1313","3c.tmall.com"
"1314","1314","pinterest.fr"
"1315","1315","bayt.com"
"1316","1316","dagospia.com"
"1317","1317","51.la"
"1318","1318","umich.edu"
"1319","1319","yifysubtitles.com"
"1320","1320","nairaland.com"
"1321","1321","blog.me"
"1322","1322","injuredcandy.com"
"1323","1323","indoxxi.net"
"1324","1324","fanserials.org"
"1325","1325","commbank.com.au"
"1326","1326","pixhost.org"
"1327","1327","camdolls.com"
"1328","1328","runoob.com"
"1329","1329","etoro.com"
"1330","1330","cima4u.tv"
"1331","1331","ameba.jp"
"1332","1332","narod.ru"
"1333","1333","dreamstime.com"
"1334","1334","sifyitest.com"
"1335","1335","seasonaloffers.club"
"1336","1336","lostfilm.tv"
"1337","1337","jio.com"
"1338","1338","urbanoutfitters.com"
"1339","1339","getbootstrap.com"
"1340","1340","radiorage.com"
"1341","1341","verizon.com"
"1342","1342","tfetimes.com"
"1343","1343","disq.us"
"1344","1344","fast-torrent.ru"
"1345","1345","pnc.com"
"1346","1346","renren.com"
"1347","1347","mangareader.net"
"1348","1348","gittigidiyor.com"
"1349","1349","kinogb.club"
"1350","1350","heise.de"
"1351","1351","valuecommerce.com"
"1352","1352","orf.at"
"1353","1353","jumia.com.ng"
"1354","1354","dhl.de"
"1355","1355","credit-agricole.fr"
"1356","1356","126.com"
"1357","1357","yeniakit.com.tr"
"1358","1358","billboard.com"
"1359","1359","gumtree.com"
"1360","1360","sky.com"
"1361","1361","yjc.ir"
"1362","1362","news18.com"
"1363","1363","online-convert.com"
"1364","1364","manyvids.com"
"1365","1365","programme-tv.net"
"1366","1366","media-bucket.com"
"1367","1367","yao.tmall.com"
"1368","1368","doodle.com"
"1369","1369","oneindia.com"
"1370","1370","envato.com"
"1371","1371","mangamura.org"
"1372","1372","google.com.gh"
"1373","1373","nsdl.com"
"1374","1374","novinky.cz"
"1375","1375","mydrivers.com"
"1376","1376","adme.ru"
"1377","1377","smartadtags.com"
"1378","1378","cb01.zone"
"1379","1379","internetspeedtracker.com"
"1380","1380","quizzstar.com"
"1381","1381","theweathernetwork.com"
"1382","1382","provincial.com"
"1383","1383","bs.to"
"1384","1384","dw.com"
"1385","1385","abril.com.br"
"1386","1386","otvfoco.com.br"
"1387","1387","constantcontact.com"
"1388","1388","futbin.com"
"1389","1389","avefyjulko.bid"
"1390","1390","icims.com"
"1391","1391","yodobashi.com"
"1392","1392","dytt8.net"
"1393","1393","mirtesen.ru"
"1394","1394","gaana.com"
"1395","1395","href.li"
"1396","1396","nbcsports.com"
"1397","1397","unity.com"
"1398","1398","hbogo.com"
"1399","1399","idealo.de"
"1400","1400","thedailybeast.com"
"1401","1401","dhgate.com"
"1402","1402","myetherwallet.com"
"1403","1403","immobilienscout24.de"
"1404","1404","rockstargames.com"
"1405","1405","last.fm"
"1406","1406","efukt.com"
"1407","1407","fandango.com"
"1408","1408","xuite.net"
"1409","1409","irecommend.ru"
"1410","1410","xhamsterlive.com"
"1411","1411","pcpartpicker.com"
"1412","1412","secure-surf.net"
"1413","1413","webgains.com"
"1414","1414","coincheck.com"
"1415","1415","marumaru.in"
"1416","1416","barnesandnoble.com"
"1417","1417","thevideo.me"
"1418","1418","netteller.com"
"1419","1419","gumtree.co.za"
"1420","1420","filmitorrent.org"
"1421","1421","fnac.com"
"1422","1422","clkntrk.com"
"1423","1423","avclub.com"
"1424","1424","brassring.com"
"1425","1425","joins.com"
"1426","1426","pochta.ru"
"1427","1427","lavanguardia.com"
"1428","1428","himado.in"
"1429","1429","secondlife.com"
"1430","1430","aptitudemedia.co"
"1431","1431","yandex.by"
"1432","1432","google.com.bd"
"1433","1433","kknews.cc"
"1434","1434","chosun.com"
"1435","1435","dhl.com"
"1436","1436","archiveofourown.org"
"1437","1437","championat.com"
"1438","1438","360doc.com"
"1439","1439","bab.la"
"1440","1440","liquipedia.net"
"1441","1441","t-mobile.com"
"1442","1442","sfgate.com"
"1443","1443","heavy.com"
"1444","1444","bola.net"
"1445","1445","playground.ru"
"1446","1446","sankakucomplex.com"
"1447","1447","24h.com.vn"
"1448","1448","panet.co.il"
"1449","1449","apache.org"
"1450","1450","farsnews.com"
"1451","1451","taoche.com"
"1452","1452","pitchfork.com"
"1453","1453","eobot.com"
"1454","1454","streamango.com"
"1455","1455","spectrum.net"
"1456","1456","ozee.com"
"1457","1457","redbubble.com"
"1458","1458","studfiles.net"
"1459","1459","paytm.in"
"1460","1460","sozcu.com.tr"
"1461","1461","ceneo.pl"
"1462","1462","curseforge.com"
"1463","1463","tripadvisor.co.uk"
"1464","1464","fmovies.is"
"1465","1465","mmaaxx.com"
"1466","1466","ilovepdf.com"
"1467","1467","eenadu.net"
"1468","1468","superappbox.com"
"1469","1469","foodnetwork.com"
"1470","1470","clips4sale.com"
"1471","1471","globaltimes.cn"
"1472","1472","syosetu.com"
"1473","1473","emuparadise.me"
"1474","1474","maybank2u.com.my"
"1475","1475","letras.mus.br"
"1476","1476","techtudo.com.br"
"1477","1477","shadbase.com"
"1478","1478","predictivadnetwork.com"
"1479","1479","gismeteo.ua"
"1480","1480","clarin.com"
"1481","1481","yalla-shoot.com"
"1482","1482","zappos.com"
"1483","1483","arcot.com"
"1484","1484","tinder.com"
"1485","1485","streamcloud.eu"
"1486","1486","malwarebytes.com"
"1487","1487","afreecatv.com"
"1488","1488","24video.adult"
"1489","1489","privatbank.ua"
"1490","1490","thomann.de"
"1491","1491","paheal.net"
"1492","1492","epfindia.gov.in"
"1493","1493","xing.com"
"1494","1494","roaring.earth"
"1495","1495","mvideo.ru"
"1496","1496","pussl32.com"
"1497","1497","24smi.info"
"1498","1498","kepuchina.cn"
"1499","1499","houzz.com"
"1500","1500","01net.com"
"1501","1501","standardmedia.co.ke"
"1502","1502","google.com.cu"
"1503","1503","indianrail.gov.in"
"1504","1504","oup.com"
"1505","1505","247sports.com"
"1506","1506","abc.es"
"1507","1507","xiaomi.com"
"1508","1508","televisionfanatic.com"
"1509","1509","bitcoin.com"
"1510","1510","easygirls.info"
"1511","1511","codeproject.com"
"1512","1512","kongregate.com"
"1513","1513","gameforge.com"
"1514","1514","virgilio.it"
"1515","1515","adbooth.com"
"1516","1516","watch-series.io"
"1517","1517","bzw315.com"
"1518","1518","zol.com.cn"
"1519","1519","skroutz.gr"
"1520","1520","metacritic.com"
"1521","1521","kissmanga.com"
"1522","1522","taimienphi.vn"
"1523","1523","dingit.tv"
"1524","1524","funnyjunk.com"
"1525","1525","dumpert.nl"
"1526","1526","coolmath-games.com"
"1527","1527","akamaihd.net"
"1528","1528","amazon.com.mx"
"1529","1529","weibo.cn"
"1530","1530","neiyi.tmall.com"
"1531","1531","variety.com"
"1532","1532","oclasrv.com"
"1533","1533","download-geek.com"
"1534","1534","minecraft.net"
"1535","1535","lds.org"
"1536","1536","miniclip.com"
"1537","1537","deref-gmx.net"
"1538","1538","gamestop.com"
"1539","1539","boardgamegeek.com"
"1540","1540","cerpen.co.id"
"1541","1541","makeuseof.com"
"1542","1542","feebee.com.tw"
"1543","1543","sporx.com"
"1544","1544","oschina.net"
"1545","1545","ubi.com"
"1546","1546","editor.wix.com"
"1547","1547","danawa.com"
"1548","1548","books.com.tw"
"1549","1549","nikkeibp.co.jp"
"1550","1550","npmjs.com"
"1551","1551","pirateproxy.ist"
"1552","1552","bahn.de"
"1553","1553","nextlnk3.com"
"1554","1554","onclickclear.com"
"1555","1555","liftable.com"
"1556","1556","laposte.fr"
"1557","1557","google.com.lb"
"1558","1558","techbang.com"
"1559","1559","otomoto.pl"
"1560","1560","zdf.de"
"1561","1561","getsuperappbox.com"
"1562","1562","eol.cn"
"1563","1563","q1-tdsge.com"
"1564","1564","hearthpwn.com"
"1565","1565","si.com"
"1566","1566","fastpic.ru"
"1567","1567","tradedoubler.com"
"1568","1568","qiwi.com"
"1569","1569","codecademy.com"
"1570","1570","mercantilbanco.com"
"1571","1571","futhead.com"
"1572","1572","mayoclinic.org"
"1573","1573","india.com"
"1574","1574","eroterest.net"
"1575","1575","kino-teatr.ru"
"1576","1576","bt.com"
"1577","1577","sanook.com"
"1578","1578","tagged.com"
"1579","1579","tvtropes.org"
"1580","1580","google.com.sv"
"1581","1581","zcool.com.cn"
"1582","1582","lg.com"
"1583","1583","mail.com"
"1584","1584","xkcd.com"
"1585","1585","caf.fr"
"1586","1586","vanguardngr.com"
"1587","1587","francetvinfo.fr"
"1588","1588","newyorker.com"
"1589","1589","coursehero.com"
"1590","1590","nation.co.ke"
"1591","1591","popsugar.com"
"1592","1592","eset.com"
"1593","1593","myhome.tmall.com"
"1594","1594","ccidnet.com"
"1595","1595","codecanyon.net"
"1596","1596","lynda.com"
"1597","1597","gomovies.tech"
"1598","1598","apkpure.com"
"1599","1599","dl-protect1.com"
"1600","1600","hollywoodreporter.com"
"1601","1601","sports.ru"
"1602","1602","kdnet.net"
"1603","1603","mcafee.com"
"1604","1604","serviporno.com"
"1605","1605","finn.no"
"1606","1606","dailysnark.com"
"1607","1607","caixabank.es"
"1608","1608","google.jo"
"1609","1609","basecamp.com"
"1610","1610","znanija.com"
"1611","1611","mmo-champion.com"
"1612","1612","macrumors.com"
"1613","1613","nrk.no"
"1614","1614","socialnewpages.com"
"1615","1615","i.ua"
"1616","1616","bittorrent.com"
"1617","1617","altervista.org"
"1618","1618","dict.cc"
"1619","1619","astrologyanswers.com"
"1620","1620","seekingalpha.com"
"1621","1621","hexun.com"
"1622","1622","fazenda.gov.br"
"1623","1623","turbo.az"
"1624","1624","fextralife.com"
"1625","1625","ew.com"
"1626","1626","webcrawler.com"
"1627","1627","so-net.ne.jp"
"1628","1628","geniuskitchen.com"
"1629","1629","bustle.com"
"1630","1630","airasia.com"
"1631","1631","gotomeeting.com"
"1632","1632","intentmedia.net"
"1633","1633","jalopnik.com"
"1634","1634","jetbrains.com"
"1635","1635","opensubtitles.org"
"1636","1636","gmx.com"
"1637","1637","kinogo.by"
"1638","1638","newtabtvsearch.com"
"1639","1639","ps7894.com"
"1640","1640","gamewith.jp"
"1641","1641","chinatimes.com"
"1642","1642","autotrader.com"
"1643","1643","clickpapa.io"
"1644","1644","dominos.com"
"1645","1645","googlevideo.com"
"1646","1646","vmware.com"
"1647","1647","elconfidencial.com"
"1648","1648","nationalgeographic.com"
"1649","1649","blogspot.com.eg"
"1650","1650","turkiye.gov.tr"
"1651","1651","rajasthan.gov.in"
"1652","1652","pinterest.com.au"
"1653","1653","bulbagarden.net"
"1654","1654","nnm-club.name"
"1655","1655","ghanaweb.com"
"1656","1656","biqle.ru"
"1657","1657","digitalocean.com"
"1658","1658","triumph.tmall.com"
"1659","1659","aimer.tmall.com"
"1660","1660","lightinthebox.com"
"1661","1661","boc.cn"
"1662","1662","tutsplus.com"
"1663","1663","ucoz.ru"
"1664","1664","p30download.com"
"1665","1665","olx.co.id"
"1666","1666","imagebam.com"
"1667","1667","ero-advertising.com"
"1668","1668","yandex.com"
"1669","1669","blogimg.jp"
"1670","1670","filmix.me"
"1671","1671","windows.net"
"1672","1672","tut.by"
"1673","1673","bedbathandbeyond.com"
"1674","1674","crabsecret.tmall.com"
"1675","1675","dlsite.com"
"1676","1676","tencent.com"
"1677","1677","walgreens.com"
"1678","1678","shareasale.com"
"1679","1679","flaticon.com"
"1680","1680","abema.tv"
"1681","1681","encuentra24.com"
"1682","1682","seesaa.net"
"1683","1683","bskn.pro"
"1684","1684","torrents.me"
"1685","1685","els-cdn.com"
"1686","1686","meteofrance.com"
"1687","1687","cloudflare.com"
"1688","1688","20minutes.fr"
"1689","1689","zeit.de"
"1690","1690","lentainform.com"
"1691","1691","freshdesk.com"
"1692","1692","plurk.com"
"1693","1693","adright.com"
"1694","1694","wasabisyrup.com"
"1695","1695","sat.gob.mx"
"1696","1696","baixaki.com.br"
"1697","1697","mundodeportivo.com"
"1698","1698","hsbc.co.uk"
"1699","1699","rappler.com"
"1700","1700","online-life.club"
"1701","1701","axdst.pro"
"1702","1702","rp5.ru"
"1703","1703","gemius.pl"
"1704","1704","adultfriendfinder.com"
"1705","1705","greatandhra.com"
"1706","1706","overstock.com"
"1707","1707","over-blog.com"
"1708","1708","concursolutions.com"
"1709","1709","myfood.ltd"
"1710","1710","userscloud.com"
"1711","1711","bmi.ir"
"1712","1712","quikr.com"
"1713","1713","umn.edu"
"1714","1714","academic.ru"
"1715","1715","cracked.com"
"1716","1716","mts.ru"
"1717","1717","mbc.net"
"1718","1718","todayhumor.co.kr"
"1719","1719","dcinside.com"
"1720","1720","1und1.de"
"1721","1721","ucla.edu"
"1722","1722","r18.com"
"1723","1723","sbrf.ru"
"1724","1724","javlibrary.com"
"1725","1725","mynavi.jp"
"1726","1726","qz.com"
"1727","1727","babycenter.com"
"1728","1728","gofundme.com"
"1729","1729","webtoons.com"
"1730","1730","washington.edu"
"1731","1731","8maple.ru"
"1732","1732","freelancer.com"
"1733","1733","pixlr.com"
"1734","1734","hmyquickconverter.com"
"1735","1735","myworkdayjobs.com"
"1736","1736","iobit.com"
"1737","1737","leo.org"
"1738","1738","porntrex.com"
"1739","1739","aftonbladet.se"
"1740","1740","elcomercio.com"
"1741","1741","sbnation.com"
"1742","1742","tuko.co.ke"
"1743","1743","liveadexchanger.com"
"1744","1744","ifixit.com"
"1745","1745","elbotola.com"
"1746","1746","fetlife.com"
"1747","1747","bluehost.com"
"1748","1748","bb.com.br"
"1749","1749","psychologytoday.com"
"1750","1750","pussl48.com"
"1751","1751","clickfunnels.com"
"1752","1752","zedo.com"
"1753","1753","bol.uol.com.br"
"1754","1754","staticflickr.com"
"1755","1755","jb51.net"
"1756","1756","ycombinator.com"
"1757","1757","doramatv.ru"
"1758","1758","newsnow.co.uk"
"1759","1759","pornhd.com"
"1760","1760","monster.com"
"1761","1761","ubuntu.com"
"1762","1762","cornell.edu"
"1763","1763","scotiabank.com"
"1764","1764","fortune.com"
"1765","1765","smi2.ru"
"1766","1766","habrahabr.ru"
"1767","1767","garmin.com"
"1768","1768","igg-games.com"
"1769","1769","smugmug.com"
"1770","1770","tenki.jp"
"1771","1771","incometaxindiaefiling.gov.in"
"1772","1772","wikiwiki.jp"
"1773","1773","duba.com"
"1774","1774","directrev.com"
"1775","1775","pinterest.jp"
"1776","1776","ruclip.com"
"1777","1777","otzovik.com"
"1778","1778","lotterypost.com"
"1779","1779","123rf.com"
"1780","1780","bola.com"
"1781","1781","hostgator.com"
"1782","1782","bolshoyvopros.ru"
"1783","1783","sketchup.com"
"1784","1784","typeform.com"
"1785","1785","kuronekoyamato.co.jp"
"1786","1786","wizards.com"
"1787","1787","stripe.com"
"1788","1788","snap-affairs.com"
"1789","1789","nutaku.net"
"1790","1790","ilbe.com"
"1791","1791","thepiratebay-proxylist.org"
"1792","1792","elespanol.com"
"1793","1793","elzmannews.com"
"1794","1794","gomovies.sc"
"1795","1795","cbs.com"
"1796","1796","lacaixa.es"
"1797","1797","jumia.com.eg"
"1798","1798","gigazine.net"
"1799","1799","msi.com"
"1800","1800","alphashoppers.co"
"1801","1801","lloydsbank.co.uk"
"1802","1802","panda.tv"
"1803","1803","feger.tmall.com"
"1804","1804","getintopc.com"
"1805","1805","watch-series.is"
"1806","1806","atlassian.com"
"1807","1807","oceanofgames.com"
"1808","1808","google.ee"
"1809","1809","hjenglish.com"
"1810","1810","kinoprofi.org"
"1811","1811","csair.com"
"1812","1812","sci-hub.tw"
"1813","1813","padlet.com"
"1814","1814","ft.com"
"1815","1815","tabnak.ir"
"1816","1816","kenh14.vn"
"1817","1817","spanishdict.com"
"1818","1818","hilltopads.net"
"1819","1819","realestate.com.au"
"1820","1820","bitflyer.jp"
"1821","1821","vemale.com"
"1822","1822","avira.com"
"1823","1823","hitc.com"
"1824","1824","o2.pl"
"1825","1825","gowatchfreemovies.to"
"1826","1826","yggtorrent.com"
"1827","1827","linternaute.com"
"1828","1828","pornolab.net"
"1829","1829","kino-hd1080.ru"
"1830","1830","sport.es"
"1831","1831","elintransigente.com"
"1832","1832","dlbooks.to"
"1833","1833","repelis.tv"
"1834","1834","jin115.com"
"1835","1835","metric-conversions.org"
"1836","1836","warcraftlogs.com"
"1837","1837","brand.tmall.com"
"1838","1838","ilfattoquotidiano.it"
"1839","1839","axisbank.com"
"1840","1840","stoloto.ru"
"1841","1841","sagepub.com"
"1842","1842","life.ru"
"1843","1843","porndoe.com"
"1844","1844","gettyimages.com"
"1845","1845","filmaffinity.com"
"1846","1846","unam.mx"
"1847","1847","entrepreneur.com"
"1848","1848","tasnimnews.com"
"1849","1849","zerohedge.com"
"1850","1850","ecollege.com"
"1851","1851","alnaharegypt.com"
"1852","1852","free3dadultgames.com"
"1853","1853","oxforddictionaries.com"
"1854","1854","mp3party.net"
"1855","1855","gog.com"
"1856","1856","iciba.com"
"1857","1857","myeasylotto.com"
"1858","1858","zozo.jp"
"1859","1859","trafficoverlap.com"
"1860","1860","hamgardi.com"
"1861","1861","lanacion.com.ar"
"1862","1862","sf-express.com"
"1863","1863","digialm.com"
"1864","1864","dji.com"
"1865","1865","cheatsheet.com"
"1866","1866","yemek.com"
"1867","1867","opentable.com"
"1868","1868","pictame.com"
"1869","1869","mysagagame.com"
"1870","1870","whitepages.com"
"1871","1871","animevost.org"
"1872","1872","woot.com"
"1873","1873","utexas.edu"
"1874","1874","rollingstone.com"
"1875","1875","staples.com"
"1876","1876","togetter.com"
"1877","1877","moddb.com"
"1878","1878","allkpop.com"
"1879","1879","runtnc.net"
"1880","1880","google.com.bh"
"1881","1881","javarchive.com"
"1882","1882","barstoolsports.com"
"1883","1883","hsbc.com.hk"
"1884","1884","spankwire.com"
"1885","1885","zipbogo.net"
"1886","1886","newsmth.net"
"1887","1887","buyandfun.win"
"1888","1888","pearsoncmg.com"
"1889","1889","deref-web-02.de"
"1890","1890","20minutos.es"
"1891","1891","rakuten-card.co.jp"
"1892","1892","gutefrage.net"
"1893","1893","mlb.com"
"1894","1894","nipic.com"
"1895","1895","britannica.com"
"1896","1896","androidcentral.com"
"1897","1897","nextlnk5.com"
"1898","1898","jooble.org"
"1899","1899","jstor.org"
"1900","1900","columbia.edu"
"1901","1901","vulture.com"
"1902","1902","biglobe.ne.jp"
"1903","1903","tap.az"
"1904","1904","depfile.us"
"1905","1905","shglegle.com"
"1906","1906","invisionapp.com"
"1907","1907","fast.com"
"1908","1908","myegy.tv"
"1909","1909","focuusing.com"
"1910","1910","argos.co.uk"
"1911","1911","stumbleupon.com"
"1912","1912","javhd.com"
"1913","1913","thefappeningblog.com"
"1914","1914","fool.com"
"1915","1915","haberturk.com"
"1916","1916","computerbild.de"
"1917","1917","divxtotal2.net"
"1918","1918","razerzone.com"
"1919","1919","csfd.cz"
"1920","1920","vetogate.com"
"1921","1921","atwiki.jp"
"1922","1922","nuvid.com"
"1923","1923","viki.com"
"1924","1924","successfactors.com"
"1925","1925","ripple.com"
"1926","1926","filecrypt.cc"
"1927","1927","alluc.ee"
"1928","1928","h-98reale.com"
"1929","1929","bc.vc"
"1930","1930","swagbucks.com"
"1931","1931","onlyindianporn.net"
"1932","1932","linkonclick.com"
"1933","1933","thethao247.vn"
"1934","1934","synchronycredit.com"
"1935","1935","dm5.com"
"1936","1936","google.com.uy"
"1937","1937","amd.com"
"1938","1938","extratorrent.ag"
"1939","1939","excite.co.jp"
"1940","1940","usc.edu"
"1941","1941","mufg.jp"
"1942","1942","spiceworks.com"
"1943","1943","trafficshop.com"
"1944","1944","talk2none.com"
"1945","1945","streamlabs.com"
"1946","1946","isna.ir"
"1947","1947","ria.com"
"1948","1948","shopclues.com"
"1949","1949","mbank.pl"
"1950","1950","businessweekly.com.tw"
"1951","1951","tamilrockers.st"
"1952","1952","inc.com"
"1953","1953","36kr.com"
"1954","1954","firefox.com"
"1955","1955","bol.com"
"1956","1956","ajel.sa"
"1957","1957","globalsources.com"
"1958","1958","pch.com"
"1959","1959","adidas.tmall.com"
"1960","1960","1111.com.tw"
"1961","1961","nessma.tv"
"1962","1962","nexusmods.com"
"1963","1963","illinois.edu"
"1964","1964","fnb.co.za"
"1965","1965","donmai.us"
"1966","1966","kapook.com"
"1967","1967","fitbit.com"
"1968","1968","deutsche-bank.de"
"1969","1969","4cdn.org"
"1970","1970","brazzersnetwork.com"
"1971","1971","bintang.com"
"1972","1972","huobi.pro"
"1973","1973","mec.gov.br"
"1974","1974","mercadolibre.com.co"
"1975","1975","nyu.edu"
"1976","1976","elcorteingles.es"
"1977","1977","b9good.com"
"1978","1978","6park.com"
"1979","1979","kukudas.com"
"1980","1980","alimama.com"
"1981","1981","mangahere.cc"
"1982","1982","wetter.com"
"1983","1983","mercadolibre.com"
"1984","1984","collegeboard.org"
"1985","1985","hilton.com"
"1986","1986","everydayhealth.com.tw"
"1987","1987","ziprecruiter.com"
"1988","1988","marktplaats.nl"
"1989","1989","2chblog.jp"
"1990","1990","bluestacks.com"
"1991","1991","cbslocal.com"
"1992","1992","legacy.com"
"1993","1993","yr.no"
"1994","1994","softpedia.com"
"1995","1995","caffeinamagazine.it"
"1996","1996","emag.ro"
"1997","1997","christian-dogma.com"
"1998","1998","haberler.com"
"1999","1999","pagesjaunes.fr"
"2000","2000","citilink.ru"
"2001","2001","spzan.com"
"2002","2002","shopee.co.id"
"2003","2003","google.cm"
"2004","2004","docusign.net"
"2005","2005","anjuke.com"
"2006","2006","myvidster.com"
"2007","2007","interpark.com"
"2008","2008","mydealz.de"
"2009","2009","yourdictionary.com"
"2010","2010","hotukdeals.com"
"2011","2011","k2s.cc"
"2012","2012","filmfanatic.com"
"2013","2013","logitech.com"
"2014","2014","tukif.com"
"2015","2015","payu.in"
"2016","2016","furaffinity.net"
"2017","2017","arabi21.com"
"2018","2018","my-hit.org"
"2019","2019","olx.ro"
"2020","2020","ondramanice.io"
"2021","2021","mymedianetnow.com"
"2022","2022","whattomine.com"
"2023","2023","livetv.sx"
"2024","2024","cdc.gov"
"2025","2025","livemaster.ru"
"2026","2026","blog.ir"
"2027","2027","rei.com"
"2028","2028","abc.go.com"
"2029","2029","ap.gov.in"
"2030","2030","teletica.com"
"2031","2031","ratemyprofessors.com"
"2032","2032","eonline.com"
"2033","2033","techtarget.com"
"2034","2034","unrealengine.com"
"2035","2035","bmovies.is"
"2036","2036","itau.com.br"
"2037","2037","365jia.cn"
"2038","2038","makeleio.gr"
"2039","2039","idealista.com"
"2040","2040","internetnewsportal.com"
"2041","2041","onliner.by"
"2042","2042","kizi.com"
"2043","2043","upbit.com"
"2044","2044","pbs.org"
"2045","2045","jjwxc.net"
"2046","2046","elvenar.com"
"2047","2047","cointelegraph.com"
"2048","2048","yesmovies.to"
"2049","2049","acs.org"
"2050","2050","match.com"
"2051","2051","fivethirtyeight.com"
"2052","2052","timeout.com"
"2053","2053","passportindia.gov.in"
"2054","2054","blizzard.com"
"2055","2055","creativemarket.com"
"2056","2056","monstercrawler.com"
"2057","2057","akoam.com"
"2058","2058","purdue.edu"
"2059","2059","marketgid.com"
"2060","2060","filelist.ro"
"2061","2061","pcworld.com"
"2062","2062","runescape.com"
"2063","2063","etrade.com"
"2064","2064","gst.gov.in"
"2065","2065","trackmkxoffers.se"
"2066","2066","mk.ru"
"2067","2067","forever21.com"
"2068","2068","privat24.ua"
"2069","2069","emirates.com"
"2070","2070","film2movie.co"
"2071","2071","dpreview.com"
"2072","2072","britishcouncil.org"
"2073","2073","nymag.com"
"2074","2074","tagesschau.de"
"2075","2075","faithtap.com"
"2076","2076","yourtemplatefinder.com"
"2077","2077","google.co.ma"
"2078","2078","lichess.org"
"2079","2079","yomiuri.co.jp"
"2080","2080","gamiss.com"
"2081","2081","zerodha.com"
"2082","2082","wowkeren.com"
"2083","2083","storm.mg"
"2084","2084","lagaceta.com.ar"
"2085","2085","moz.com"
"2086","2086","priceline.com"
"2087","2087","utoronto.ca"
"2088","2088","dangdang.com"
"2089","2089","the123movies.com"
"2090","2090","readmanga.me"
"2091","2091","mokmhp.com"
"2092","2092","hujiang.com"
"2093","2093","rtve.es"
"2094","2094","content.tmall.com"
"2095","2095","seria-z.net"
"2096","2096","hgtv.com"
"2097","2097","tvn24.pl"
"2098","2098","pussl3.com"
"2099","2099","victoriassecret.com"
"2100","2100","aminoapps.com"
"2101","2101","willhaben.at"
"2102","2102","google.ba"
"2103","2103","akamaized.net"
"2104","2104","ontvtime.ru"
"2105","2105","minergate.com"
"2106","2106","nifty.com"
"2107","2107","ultipro.com"
"2108","2108","videohive.net"
"2109","2109","haa66855mo.club"
"2110","2110","ibtimes.co.in"
"2111","2111","flightradar24.com"
"2112","2112","yobxvotn.bid"
"2113","2113","cima4up.tv"
"2114","2114","telegram.me"
"2115","2115","gumtree.pl"
"2116","2116","sbicard.com"
"2117","2117","theringer.com"
"2118","2118","ubisoft.com"
"2119","2119","freedownloadmanager.org"
"2120","2120","os.tc"
"2121","2121","semanticscholar.org"
"2122","2122","rbcroyalbank.com"
"2123","2123","youla.io"
"2124","2124","similarweb.com"
"2125","2125","sheypoor.com"
"2126","2126","sznews.com"
"2127","2127","wisc.edu"
"2128","2128","rarbgproxy.org"
"2129","2129","friendlyappz.com"
"2130","2130","t66y.com"
"2131","2131","noaa.gov"
"2132","2132","pcstore.com.tw"
"2133","2133","literotica.com"
"2134","2134","coinmill.com"
"2135","2135","leparisien.fr"
"2136","2136","olx.com.pk"
"2137","2137","hotnewhiphop.com"
"2138","2138","banesco.com"
"2139","2139","gamersky.com"
"2140","2140","gotowebinar.com"
"2141","2141","koreastardaily.com"
"2142","2142","gayboystube.com"
"2143","2143","ynet.co.il"
"2144","2144","adidas.com"
"2145","2145","talk.tw"
"2146","2146","jiwu.com"
"2147","2147","pinterest.ca"
"2148","2148","meituan.com"
"2149","2149","vente-privee.com"
"2150","2150","2gis.ru"
"2151","2151","santander.co.uk"
"2152","2152","58b.tv"
"2153","2153","500px.com"
"2154","2154","feng.com"
"2155","2155","unicredit.it"
"2156","2156","static1.squarespace.com"
"2157","2157","sueddeutsche.de"
"2158","2158","opensooq.com"
"2159","2159","coupang.com"
"2160","2160","blogspot.com.tr"
"2161","2161","easyjet.com"
"2162","2162","index.hu"
"2163","2163","watsons.tmall.com"
"2164","2164","hypebeast.com"
"2165","2165","gemius.com"
"2166","2166","dantri.com.vn"
"2167","2167","mediamarkt.de"
"2168","2168","moi.gov.sa"
"2169","2169","horriblesubs.info"
"2170","2170","gigya.com"
"2171","2171","smh.com.au"
"2172","2172","abplive.in"
"2173","2173","apartments.com"
"2174","2174","gulte.com"
"2175","2175","cargurus.com"
"2176","2176","tokyomotion.net"
"2177","2177","namecheap.com"
"2178","2178","shutterfly.com"
"2179","2179","vidoza.net"
"2180","2180","google.tt"
"2181","2181","paytmmall.com"
"2182","2182","directv.com"
"2183","2183","mehrnews.com"
"2184","2184","labirint.ru"
"2185","2185","chefkoch.de"
"2186","2186","kinja.com"
"2187","2187","mindbodyonline.com"
"2188","2188","autoscout24.de"
"2189","2189","chicagotribune.com"
"2190","2190","jcpenney.com"
"2191","2191","jma.go.jp"
"2192","2192","aweber.com"
"2193","2193","hentaihaven.org"
"2194","2194","ioredi.com"
"2195","2195","faz.net"
"2196","2196","lolesports.com"
"2197","2197","trafficfactory.biz"
"2198","2198","glosbe.com"
"2199","2199","junbi-tracker.com"
"2200","2200","focus123.cn"
"2201","2201","easports.com"
"2202","2202","indiegogo.com"
"2203","2203","jandan.net"
"2204","2204","tass.ru"
"2205","2205","tunein.com"
"2206","2206","vanityfair.com"
"2207","2207","overwatchleague.com"
"2208","2208","ubc.ca"
"2209","2209","mixi.jp"
"2210","2210","folha.uol.com.br"
"2211","2211","ny.gov"
"2212","2212","ali213.net"
"2213","2213","rt.ru"
"2214","2214","grailed.com"
"2215","2215","depositphotos.com"
"2216","2216","kshowonline.com"
"2217","2217","grubhub.com"
"2218","2218","azet.sk"
"2219","2219","achiname.info"
"2220","2220","mos.ru"
"2221","2221","dotabuff.com"
"2222","2222","yinyuetai.com"
"2223","2223","comandotorrents.com"
"2224","2224","jkforum.net"
"2225","2225","mamba.ru"
"2226","2226","dnevnik.ru"
"2227","2227","vrfuckdolls.com"
"2228","2228","asriran.com"
"2229","2229","ana.co.jp"
"2230","2230","disney.go.com"
"2231","2231","thisav.com"
"2232","2232","nikkansports.com"
"2233","2233","wikibooks.org"
"2234","2234","animeflv.com"
"2235","2235","jmw.com.cn"
"2236","2236","justporno.tv"
"2237","2237","dogdrip.net"
"2238","2238","mangakakalot.com"
"2239","2239","pretty52.com"
"2240","2240","pelispedia.tv"
"2241","2241","raiplay.it"
"2242","2242","onelogin.com"
"2243","2243","vmall.com"
"2244","2244","ebscohost.com"
"2245","2245","javhdasia.com"
"2246","2246","stubhub.com"
"2247","2247","filmibeat.com"
"2248","2248","colourpop.com"
"2249","2249","zamunda.net"
"2250","2250","express.pk"
"2251","2251","e621.net"
"2252","2252","inven.co.kr"
"2253","2253","tesco.com"
"2254","2254","jamnews.com"
"2255","2255","dagbladet.no"
"2256","2256","oyunskor.com"
"2257","2257","sap.com"
"2258","2258","ilmeteo.it"
"2259","2259","planetsuzy.org"
"2260","2260","bom.gov.au"
"2261","2261","sabay.com.kh"
"2262","2262","worldoftanks.com"
"2263","2263","qyer.com"
"2264","2264","pozdravok.ru"
"2265","2265","cyol.com"
"2266","2266","sprint.com"
"2267","2267","bneoc.pro"
"2268","2268","3dmgame.com"
"2269","2269","olx.co.ao"
"2270","2270","oui.sncf"
"2271","2271","auto.ru"
"2272","2272","jagran.com"
"2273","2273","dnvod.tv"
"2274","2274","kshow123.net"
"2275","2275","smrtlnk.pro"
"2276","2276","medianewpage.com"
"2277","2277","gol-network.com"
"2278","2278","tomshardware.co.uk"
"2279","2279","viralised.com"
"2280","2280","lodynet.com"
"2281","2281","asu.edu"
"2282","2282","drugs.com"
"2283","2283","pngtree.com"
"2284","2284","vppgamingnetwork.com"
"2285","2285","brainyquote.com"
"2286","2286","collinsdictionary.com"
"2287","2287","fiuxy.bz"
"2288","2288","kbb.com"
"2289","2289","wolframalpha.com"
"2290","2290","sporcle.com"
"2291","2291","focus.cn"
"2292","2292","betradar.com"
"2293","2293","afriflatry.co"
"2294","2294","sears.com"
"2295","2295","iptorrents.com"
"2296","2296","firstpost.com"
"2297","2297","downloadastro.com"
"2298","2298","tvguide.com"
"2299","2299","klikbca.com"
"2300","2300","rosegal.com"
"2301","2301","sitepoint.com"
"2302","2302","kitco.com"
"2303","2303","republika.co.id"
"2304","2304","ernet.in"
"2305","2305","adx1.com"
"2306","2306","commerzbank.de"
"2307","2307","mega.co.nz"
"2308","2308","teacherspayteachers.com"
"2309","2309","priceminister.com"
"2310","2310","truecaller.com"
"2311","2311","ibtimes.com"
"2312","2312","duden.de"
"2313","2313","star.com.tr"
"2314","2314","likemag.com"
"2315","2315","ansa.it"
"2316","2316","lk21.pw"
"2317","2317","kerala.gov.in"
"2318","2318","114la.com"
"2319","2319","bollywoodpapa.com"
"2320","2320","torrentdownloads.me"
"2321","2321","digg.com"
"2322","2322","listindiario.com"
"2323","2323","users.wix.com"
"2324","2324","ing-diba.de"
"2325","2325","eurogamer.net"
"2326","2326","creditmutuel.fr"
"2327","2327","societegenerale.fr"
"2328","2328","eldorado.ru"
"2329","2329","2conv.com"
"2330","2330","androidauthority.com"
"2331","2331","cvs.com"
"2332","2332","aruba.it"
"2333","2333","payoneer.com"
"2334","2334","medscape.com"
"2335","2335","blocket.se"
"2336","2336","informer.com"
"2337","2337","criteo.com"
"2338","2338","magazineluiza.com.br"
"2339","2339","thrillist.com"
"2340","2340","cars.com"
"2341","2341","thevintagenews.com"
"2342","2342","complex.com"
"2343","2343","channelmyanmar.org"
"2344","2344","le360.ma"
"2345","2345","portaldoholanda.com.br"
"2346","2346","virginmedia.com"
"2347","2347","seriouseats.com"
"2348","2348","rabb.it"
"2349","2349","history.com"
"2350","2350","nfemo.com"
"2351","2351","indeed.co.uk"
"2352","2352","funsafetab.com"
"2353","2353","narvar.com"
"2354","2354","cricketaddictor.com"
"2355","2355","vrbo.com"
"2356","2356","vipergirls.to"
"2357","2357","lego.com"
"2358","2358","vodafone.de"
"2359","2359","docusign.com"
"2360","2360","hindustantimes.com"
"2361","2361","snopes.com"
"2362","2362","sjtu.edu.cn"
"2363","2363","heavy-r.com"
"2364","2364","nptel.ac.in"
"2365","2365","lcl.fr"
"2366","2366","kantipurdaily.com"
"2367","2367","boursorama.com"
"2368","2368","girrrly.com"
"2369","2369","kemdikbud.go.id"
"2370","2370","donanimhaber.com"
"2371","2371","theknot.com"
"2372","2372","esuteru.com"
"2373","2373","russia.tv"
"2374","2374","upenn.edu"
"2375","2375","dailystar.co.uk"
"2376","2376","ing.nl"
"2377","2377","zoomit.ir"
"2378","2378","jezebel.com"
"2379","2379","mightytext.net"
"2380","2380","grtyb.com"
"2381","2381","roletaryk.info"
"2382","2382","larousse.fr"
"2383","2383","express.com.pk"
"2384","2384","lastampa.it"
"2385","2385","un.org"
"2386","2386","dummies.com"
"2387","2387","localbitcoins.com"
"2388","2388","esquire.com"
"2389","2389","jxnews.com.cn"
"2390","2390","megogo.net"
"2391","2391","bestbuy.ca"
"2392","2392","manhuagui.com"
"2393","2393","crunchbase.com"
"2394","2394","jquery.com"
"2395","2395","mysql.com"
"2396","2396","javfor.me"
"2397","2397","piliapp.com"
"2398","2398","uscis.gov"
"2399","2399","khmerload.com"
"2400","2400","vip.tmall.com"
"2401","2401","gleam.io"
"2402","2402","clubic.com"
"2403","2403","jkanime.net"
"2404","2404","bankersadda.com"
"2405","2405","kaiserpermanente.org"
"2406","2406","ucsd.edu"
"2407","2407","tweakers.net"
"2408","2408","afrtrk.com"
"2409","2409","maharashtra.gov.in"
"2410","2410","jcrew.com"
"2411","2411","testbook.com"
"2412","2412","navyfederal.org"
"2413","2413","emojipedia.org"
"2414","2414","ournewstoday.com"
"2415","2415","buy123.com.tw"
"2416","2416","celebjihad.com"
"2417","2417","share-videos.se"
"2418","2418","nbc.com"
"2419","2419","otaghkhabar24.com"
"2420","2420","laposte.net"
"2421","2421","wlp-acs.com"
"2422","2422","google.com.py"
"2423","2423","backpage.com"
"2424","2424","google.com.kh"
"2425","2425","onlinekhabar.com"
"2426","2426","clevernt.com"
"2427","2427","cosmopolitan.com"
"2428","2428","6pm.com"
"2429","2429","game-bonuses.club"
"2430","2430","discordapp.net"
"2431","2431","cc.com"
"2432","2432","fontawesome.io"
"2433","2433","indishare.me"
"2434","2434","mint.com"
"2435","2435","zhibo8.cc"
"2436","2436","viber.com"
"2437","2437","economist.com"
"2438","2438","ipetgroup.com"
"2439","2439","zooqle.com"
"2440","2440","ozbargain.com.au"
"2441","2441","mvhop.com"
"2442","2442","turnitin.com"
"2443","2443","kinox.to"
"2444","2444","deadline.com"
"2445","2445","csc.gov.in"
"2446","2446","goindigo.in"
"2447","2447","thekitchn.com"
"2448","2448","hdkinoclub.net"
"2449","2449","xero.com"
"2450","2450","tsite.jp"
"2451","2451","googlesyndication.com"
"2452","2452","craigslist.ca"
"2453","2453","shimo.im"
"2454","2454","ets.org"
"2455","2455","9xmovies.info"
"2456","2456","y6a7tqyr.com"
"2457","2457","bancoestado.cl"
"2458","2458","citibank.co.in"
"2459","2459","angel.co"
"2460","2460","anitube.se"
"2461","2461","declk.com"
"2462","2462","mgid.com"
"2463","2463","samsclub.com"
"2464","2464","who.int"
"2465","2465","minuto30.com"
"2466","2466","rg.ru"
"2467","2467","moe.gov.sa"
"2468","2468","scroll.in"
"2469","2469","muz-color.ru"
"2470","2470","hqporner.com"
"2471","2471","caisse-epargne.fr"
"2472","2472","9anime.ch"
"2473","2473","extremetube.com"
"2474","2474","aljazeera.com"
"2475","2475","theporndude.com"
"2476","2476","lifebuzz.com"
"2477","2477","barclaycardus.com"
"2478","2478","yoox.com"
"2479","2479","trademe.co.nz"
"2480","2480","made-in-china.com"
"2481","2481","trustedreviews.com"
"2482","2482","linguee.fr"
"2483","2483","videolan.org"
"2484","2484","javatpoint.com"
"2485","2485","alarabiya.net"
"2486","2486","ibt.uk"
"2487","2487","check24.de"
"2488","2488","y2mate.com"
"2489","2489","downloadhelper.net"
"2490","2490","tesla.com"
"2491","2491","coinpot.co"
"2492","2492","newgrounds.com"
"2493","2493","theworldnews.net"
"2494","2494","photobucket.com"
"2495","2495","icook.tw"
"2496","2496","irib.ir"
"2497","2497","ibanking-services.com"
"2498","2498","theqoo.net"
"2499","2499","easeus.com"
"2500","2500","cmu.edu"
